{
    "epoch": 3.0,
    "eval_gen_len": 124.28301886792453,
    "eval_loss": 2.3611679077148438,
    "eval_rouge1": 40.2987,
    "eval_rouge2": 13.423,
    "eval_rougeL": 23.6021,
    "eval_rougeLsum": 36.1182,
    "eval_runtime": 272.12,
    "eval_samples": 106,
    "eval_samples_per_second": 0.39,
    "eval_steps_per_second": 0.195,
    "predict_gen_len": 124.16981132075472,
    "predict_loss": 2.2517197132110596,
    "predict_rouge1": 40.5939,
    "predict_rouge2": 13.8466,
    "predict_rougeL": 23.2346,
    "predict_rougeLsum": 36.3052,
    "predict_runtime": 143.1913,
    "predict_samples": 53,
    "predict_samples_per_second": 0.37,
    "predict_steps_per_second": 0.189,
    "train_loss": 2.2512592899906743,
    "train_runtime": 606.3262,
    "train_samples": 370,
    "train_samples_per_second": 1.831,
    "train_steps_per_second": 0.915
}