{
    "epoch": 3.0,
    "eval_gen_len": 123.35483870967742,
    "eval_loss": 2.320690631866455,
    "eval_rouge1": 39.5854,
    "eval_rouge2": 12.2696,
    "eval_rougeL": 22.7595,
    "eval_rougeLsum": 35.4925,
    "eval_runtime": 183.8765,
    "eval_samples": 124,
    "eval_samples_per_second": 0.674,
    "eval_steps_per_second": 0.337,
    "predict_gen_len": 124.5,
    "predict_loss": 2.260061264038086,
    "predict_rouge1": 42.3583,
    "predict_rouge2": 13.8833,
    "predict_rougeL": 23.8223,
    "predict_rougeLsum": 38.3189,
    "predict_runtime": 197.3284,
    "predict_samples": 62,
    "predict_samples_per_second": 0.314,
    "predict_steps_per_second": 0.157,
    "train_loss": 2.1837347932564195,
    "train_runtime": 562.7487,
    "train_samples": 430,
    "train_samples_per_second": 2.292,
    "train_steps_per_second": 1.146
}