{
    "predict_gen_len": 124.33870967741936,
    "predict_loss": 2.30670166015625,
    "predict_rouge1": 40.4074,
    "predict_rouge2": 11.9143,
    "predict_rougeL": 22.1552,
    "predict_rougeLsum": 36.3484,
    "predict_runtime": 124.588,
    "predict_samples": 62,
    "predict_samples_per_second": 0.498,
    "predict_steps_per_second": 0.249
}