{
    "epoch": 3.0,
    "eval_gen_len": 123.10526315789474,
    "eval_loss": 2.3938474655151367,
    "eval_rouge1": 38.5085,
    "eval_rouge2": 12.6309,
    "eval_rougeL": 22.2958,
    "eval_rougeLsum": 34.5211,
    "eval_runtime": 244.5073,
    "eval_samples": 95,
    "eval_samples_per_second": 0.389,
    "eval_steps_per_second": 0.196,
    "predict_gen_len": 122.91666666666667,
    "predict_loss": 2.555708169937134,
    "predict_rouge1": 37.0296,
    "predict_rouge2": 10.3072,
    "predict_rougeL": 21.6953,
    "predict_rougeLsum": 32.6746,
    "predict_runtime": 123.564,
    "predict_samples": 48,
    "predict_samples_per_second": 0.388,
    "predict_steps_per_second": 0.194,
    "train_loss": 2.44091796875,
    "train_runtime": 462.1892,
    "train_samples": 332,
    "train_samples_per_second": 2.155,
    "train_steps_per_second": 1.077
}