{
    "predict_gen_len": 94.81818181818181,
    "predict_loss": 1.5740455389022827,
    "predict_rouge1": 43.7205,
    "predict_rouge2": 20.5255,
    "predict_rougeL": 29.0521,
    "predict_rougeLsum": 39.874,
    "predict_runtime": 89.5002,
    "predict_samples": 55,
    "predict_samples_per_second": 0.615,
    "predict_steps_per_second": 0.313
}